{"binary": {"accuracy": 0.9430687480103351, "mcc": 0.8861376010052753, "f1": 0.9430687446378877, "confusion_matrix": [[509664, 30628], [30891, 509401]]}, "multiclass": {"accuracy": 0.9987932451341127, "mcc": 0.9986982095750858, "f1": 0.9987932997307142, "confusion_matrix": [[23338, 33, 3, 0, 0, 0, 0, 0, 0, 0, 0, 0, 0, 0], [54, 26183, 33, 1, 3, 0, 0, 0, 0, 0, 0, 0, 0, 0], [4, 42, 41369, 33, 1, 0, 0, 0, 0, 0, 0, 0, 0, 0], [0, 41, 45, 42275, 32, 0, 0, 0, 0, 0, 0, 0, 0, 0], [0, 0, 2, 12, 42131, 38, 1, 0, 0, 0, 0, 0, 0, 0], [0, 1, 0, 0, 36, 41967, 37, 0, 0, 0, 0, 0, 0, 0], [0, 0, 0, 0, 3, 24, 42195, 13, 0, 0, 0, 0, 0, 0], [0, 0, 0, 0, 0, 0, 49, 41612, 11, 0, 0, 0, 0, 0], [0, 0, 0, 0, 0, 0, 0, 9, 40890, 8, 0, 0, 0, 0], [0, 0, 0, 0, 0, 0, 0, 0, 11, 40498, 2, 0, 0, 0], [0, 0, 0, 0, 0, 0, 0, 0, 0, 12, 39288, 5, 0, 0], [0, 0, 0, 0, 0, 0, 0, 0, 0, 0, 16, 39497, 8, 0], [0, 0, 0, 0, 0, 0, 0, 0, 0, 0, 0, 11, 38912, 13], [0, 0, 0, 0, 0, 0, 0, 0, 0, 0, 0, 0, 5, 39485]]}, "combined": {"accuracy": 0.942493133342711, "mcc": 0.9213987540269135, "f1": 0.9424780366539679, "confusion_matrix": [[20951, 29, 3, 0, 0, 0, 0, 0, 0, 0, 0, 0, 0, 0, 2391], [52, 24360, 33, 0, 3, 0, 0, 0, 0, 0, 0, 0, 0, 0, 1826], [4, 40, 38805, 31, 1, 0, 0, 0, 0, 0, 0, 0, 0, 0, 2568], [0, 38, 44, 39915, 27, 0, 0, 0, 0, 0, 0, 0, 0, 0, 2369], [0, 0, 2, 10, 38860, 38, 1, 0, 0, 0, 0, 0, 0, 0, 3273], [0, 1, 0, 0, 35, 39786, 37, 0, 0, 0, 0, 0, 0, 0, 2182], [0, 0, 0, 0, 3, 24, 39941, 13, 0, 0, 0, 0, 0, 0, 2254], [0, 0, 0, 0, 0, 0, 49, 39621, 8, 0, 0, 0, 0, 0, 1994], [0, 0, 0, 0, 0, 0, 0, 9, 38723, 7, 0, 0, 0, 0, 2168], [0, 0, 0, 0, 0, 0, 0, 0, 11, 38465, 2, 0, 0, 0, 2033], [0, 0, 0, 0, 0, 0, 0, 0, 0, 12, 37284, 5, 0, 0, 2004], [0, 0, 0, 0, 0, 0, 0, 0, 0, 0, 15, 37704, 7, 0, 1795], [0, 0, 0, 0, 0, 0, 0, 0, 0, 0, 0, 11, 36930, 12, 1983], [0, 0, 0, 0, 0, 0, 0, 0, 0, 0, 0, 0, 5, 37434, 2051], [1505, 1620, 2362, 1820, 3011, 2326, 2551, 2451, 2540, 2434, 2181, 1883, 2024, 1920, 509664]]}}