{"binary": {"accuracy": 0.9803399859761146, "mcc": 0.9606803124901705, "f1": 0.9803399824916148, "confusion_matrix": [[1051823, 20633], [21536, 1050920]]}, "multiclass": {"accuracy": 0.9994405364882102, "mcc": 0.9993964731943035, "f1": 0.9994405329669972, "confusion_matrix": [[46446, 51, 0, 0, 0, 0, 0, 0, 0, 0, 0, 0, 0, 0], [42, 51871, 12, 3, 0, 0, 0, 0, 0, 0, 0, 0, 0, 0], [0, 17, 82010, 37, 1, 0, 0, 0, 0, 0, 0, 0, 0, 0], [0, 4, 47, 83505, 28, 1, 0, 0, 0, 0, 0, 0, 0, 0], [0, 0, 2, 17, 84251, 20, 0, 0, 0, 0, 0, 0, 0, 0], [0, 0, 0, 0, 78, 83771, 35, 0, 0, 0, 0, 0, 0, 0], [0, 0, 0, 0, 0, 41, 82712, 16, 0, 0, 0, 0, 0, 0], [0, 0, 0, 0, 0, 0, 7, 82838, 4, 0, 0, 0, 0, 0], [0, 0, 0, 0, 0, 0, 0, 8, 80539, 14, 0, 0, 0, 0], [0, 0, 0, 0, 0, 0, 0, 0, 16, 79620, 13, 0, 0, 0], [0, 0, 0, 0, 0, 0, 0, 0, 0, 11, 78896, 11, 0, 0], [0, 0, 0, 0, 0, 0, 0, 0, 0, 0, 12, 79405, 17, 0], [0, 0, 0, 0, 0, 0, 0, 0, 0, 0, 0, 16, 77512, 11], [0, 0, 0, 0, 0, 0, 0, 0, 0, 0, 0, 0, 8, 78480]]}, "combined": {"accuracy": 0.9800621190985924, "mcc": 0.9727458553156189, "f1": 0.9800620116222816, "confusion_matrix": [[44888, 51, 0, 0, 0, 0, 0, 0, 0, 0, 0, 0, 0, 0, 1558], [42, 50684, 12, 3, 0, 0, 0, 0, 0, 0, 0, 0, 0, 0, 1187], [0, 17, 80431, 36, 1, 0, 0, 0, 0, 0, 0, 0, 0, 0, 1580], [0, 4, 47, 81941, 26, 1, 0, 0, 0, 0, 0, 0, 0, 0, 1566], [0, 0, 2, 17, 82446, 20, 0, 0, 0, 0, 0, 0, 0, 0, 1805], [0, 0, 0, 0, 78, 82240, 35, 0, 0, 0, 0, 0, 0, 0, 1531], [0, 0, 0, 0, 0, 41, 81177, 16, 0, 0, 0, 0, 0, 0, 1535], [0, 0, 0, 0, 0, 0, 7, 81277, 4, 0, 0, 0, 0, 0, 1561], [0, 0, 0, 0, 0, 0, 0, 8, 78797, 14, 0, 0, 0, 0, 1742], [0, 0, 0, 0, 0, 0, 0, 0, 16, 77958, 12, 0, 0, 0, 1663], [0, 0, 0, 0, 0, 0, 0, 0, 0, 11, 77341, 11, 0, 0, 1555], [0, 0, 0, 0, 0, 0, 0, 0, 0, 0, 12, 78077, 17, 0, 1328], [0, 0, 0, 0, 0, 0, 0, 0, 0, 0, 0, 16, 76176, 11, 1336], [0, 0, 0, 0, 0, 0, 0, 0, 0, 0, 0, 0, 8, 76891, 1589], [1196, 1151, 1342, 1737, 1972, 1675, 1446, 1733, 1855, 1658, 1299, 1183, 1143, 1243, 1051823]]}}