{"binary": {"accuracy": 0.9726995203604383, "mcc": 0.945399240948605, "f1": 0.9726995174694305, "confusion_matrix": [[521771, 14465], [14814, 521422]]}, "multiclass": {"accuracy": 0.999410707225923, "mcc": 0.9993642923236002, "f1": 0.9994107091933303, "confusion_matrix": [[23160, 11, 0, 0, 0, 0, 0, 0, 0, 0, 0, 0, 0, 0], [23, 25997, 4, 4, 1, 0, 0, 0, 0, 0, 0, 0, 0, 0], [0, 8, 41109, 14, 0, 0, 0, 0, 0, 0, 0, 0, 0, 0], [0, 5, 12, 41517, 26, 0, 0, 0, 0, 0, 0, 0, 0, 0], [0, 1, 1, 13, 42010, 14, 0, 0, 0, 0, 0, 0, 0, 0], [0, 0, 0, 0, 22, 41875, 8, 0, 0, 0, 0, 0, 0, 0], [0, 0, 0, 0, 0, 21, 41645, 17, 0, 0, 0, 0, 0, 0], [0, 0, 0, 0, 0, 0, 3, 41649, 3, 0, 0, 0, 0, 0], [0, 0, 0, 0, 0, 0, 0, 11, 40074, 10, 0, 0, 0, 0], [0, 0, 0, 0, 0, 0, 0, 0, 9, 39903, 7, 0, 0, 0], [0, 0, 0, 0, 0, 0, 0, 0, 0, 11, 39112, 4, 0, 0], [0, 0, 0, 0, 0, 0, 0, 0, 0, 0, 15, 39643, 11, 0], [0, 0, 0, 0, 0, 0, 0, 0, 0, 0, 0, 11, 39005, 4], [0, 0, 0, 0, 0, 0, 0, 0, 0, 0, 0, 0, 12, 39221]]}, "combined": {"accuracy": 0.9724141982261542, "mcc": 0.962293628243889, "f1": 0.9724127895530398, "confusion_matrix": [[22031, 9, 0, 0, 0, 0, 0, 0, 0, 0, 0, 0, 0, 0, 1131], [23, 25010, 4, 3, 1, 0, 0, 0, 0, 0, 0, 0, 0, 0, 988], [0, 8, 39867, 13, 0, 0, 0, 0, 0, 0, 0, 0, 0, 0, 1243], [0, 5, 12, 40357, 25, 0, 0, 0, 0, 0, 0, 0, 0, 0, 1161], [0, 1, 1, 13, 40690, 14, 0, 0, 0, 0, 0, 0, 0, 0, 1320], [0, 0, 0, 0, 20, 40878, 8, 0, 0, 0, 0, 0, 0, 0, 999], [0, 0, 0, 0, 0, 21, 40609, 15, 0, 0, 0, 0, 0, 0, 1038], [0, 0, 0, 0, 0, 0, 3, 40569, 3, 0, 0, 0, 0, 0, 1080], [0, 0, 0, 0, 0, 0, 0, 11, 39015, 10, 0, 0, 0, 0, 1059], [0, 0, 0, 0, 0, 0, 0, 0, 9, 38776, 6, 0, 0, 0, 1128], [0, 0, 0, 0, 0, 0, 0, 0, 0, 11, 38282, 4, 0, 0, 830], [0, 0, 0, 0, 0, 0, 0, 0, 0, 0, 15, 38789, 11, 0, 854], [0, 0, 0, 0, 0, 0, 0, 0, 0, 0, 0, 11, 38103, 4, 902], [0, 0, 0, 0, 0, 0, 0, 0, 0, 0, 0, 0, 12, 38140, 1081], [882, 964, 998, 1222, 1286, 1089, 1166, 1091, 1195, 1136, 1047, 709, 746, 934, 521771]]}}