{"binary": {"accuracy": 0.98371631574225, "mcc": 0.9674330841278453, "f1": 0.9837163119328386, "confusion_matrix": [[1053031, 16905], [17940, 1051996]]}, "multiclass": {"accuracy": 0.9994747349374168, "mcc": 0.9994333669365975, "f1": 0.9994747431150167, "confusion_matrix": [[46660, 29, 0, 0, 0, 0, 0, 0, 0, 0, 0, 0, 0, 0], [28, 51555, 19, 9, 0, 0, 0, 0, 0, 0, 0, 0, 0, 0], [0, 53, 81417, 39, 0, 0, 0, 0, 0, 0, 0, 0, 0, 0], [0, 9, 38, 83778, 36, 0, 0, 0, 0, 0, 0, 0, 0, 0], [0, 0, 5, 19, 84431, 24, 0, 0, 0, 0, 0, 0, 0, 0], [0, 0, 0, 0, 34, 83197, 24, 0, 0, 0, 0, 0, 0, 0], [0, 0, 0, 0, 1, 22, 82945, 8, 0, 0, 0, 0, 0, 0], [0, 0, 0, 0, 0, 0, 9, 82335, 9, 0, 0, 0, 0, 0], [0, 0, 0, 0, 0, 0, 0, 11, 79245, 13, 0, 0, 0, 0], [0, 0, 0, 0, 0, 0, 0, 0, 19, 79782, 13, 1, 0, 0], [0, 0, 0, 0, 0, 0, 0, 0, 0, 14, 78976, 18, 0, 0], [0, 0, 0, 0, 0, 0, 0, 0, 0, 0, 15, 79448, 9, 0], [0, 0, 0, 0, 0, 0, 0, 0, 0, 0, 0, 15, 77337, 4], [0, 0, 0, 0, 0, 0, 0, 0, 0, 0, 0, 0, 15, 78268]]}, "combined": {"accuracy": 0.9834564871169864, "mcc": 0.9773850346531677, "f1": 0.9834562293559257, "confusion_matrix": [[45476, 28, 0, 0, 0, 0, 0, 0, 0, 0, 0, 0, 0, 0, 1185], [27, 50480, 19, 9, 0, 0, 0, 0, 0, 0, 0, 0, 0, 0, 1076], [0, 53, 80046, 38, 0, 0, 0, 0, 0, 0, 0, 0, 0, 0, 1372], [0, 9, 38, 82422, 36, 0, 0, 0, 0, 0, 0, 0, 0, 0, 1356], [0, 0, 5, 19, 82908, 24, 0, 0, 0, 0, 0, 0, 0, 0, 1523], [0, 0, 0, 0, 34, 82044, 24, 0, 0, 0, 0, 0, 0, 0, 1153], [0, 0, 0, 0, 1, 22, 81614, 8, 0, 0, 0, 0, 0, 0, 1331], [0, 0, 0, 0, 0, 0, 9, 80998, 9, 0, 0, 0, 0, 0, 1337], [0, 0, 0, 0, 0, 0, 0, 11, 77722, 12, 0, 0, 0, 0, 1524], [0, 0, 0, 0, 0, 0, 0, 0, 18, 78378, 13, 1, 0, 0, 1405], [0, 0, 0, 0, 0, 0, 0, 0, 0, 14, 77859, 18, 0, 0, 1117], [0, 0, 0, 0, 0, 0, 0, 0, 0, 0, 15, 78406, 9, 0, 1042], [0, 0, 0, 0, 0, 0, 0, 0, 0, 0, 0, 15, 76259, 3, 1079], [0, 0, 0, 0, 0, 0, 0, 0, 0, 0, 0, 0, 15, 76828, 1440], [1037, 854, 1123, 1346, 1593, 1211, 1378, 1315, 1531, 1292, 1252, 843, 1022, 1108, 1053031]]}}