{"binary": {"accuracy": 0.9490759066140375, "mcc": 0.8981518279837398, "f1": 0.9490759061957235, "confusion_matrix": [[1026115, 55161], [54965, 1026311]]}, "multiclass": {"accuracy": 0.9982409671536222, "mcc": 0.9981022990326809, "f1": 0.9982411717379281, "confusion_matrix": [[46251, 63, 52, 1, 0, 4, 0, 1, 1, 0, 0, 0, 0, 0], [120, 51437, 149, 9, 8, 0, 1, 0, 0, 1, 0, 1, 0, 0], [33, 165, 81938, 59, 5, 2, 0, 0, 0, 0, 0, 0, 0, 0], [2, 89, 145, 84754, 62, 2, 3, 1, 0, 0, 2, 0, 0, 0], [2, 20, 9, 36, 84797, 67, 11, 7, 0, 0, 2, 0, 0, 0], [1, 2, 2, 7, 84, 83796, 114, 3, 0, 1, 3, 0, 0, 0], [0, 0, 6, 1, 37, 61, 84201, 45, 3, 0, 0, 0, 0, 1], [1, 0, 0, 0, 4, 2, 88, 83330, 28, 0, 0, 0, 0, 0], [1, 1, 0, 0, 0, 0, 1, 48, 82555, 13, 0, 0, 0, 0], [0, 0, 0, 0, 0, 0, 0, 0, 29, 81530, 12, 0, 0, 0], [0, 1, 2, 0, 0, 0, 0, 0, 0, 19, 78418, 17, 0, 2], [0, 4, 0, 0, 0, 4, 0, 0, 1, 0, 32, 79350, 12, 0], [0, 0, 7, 0, 0, 0, 0, 0, 0, 0, 0, 32, 77957, 15], [0, 0, 0, 0, 0, 1, 1, 0, 0, 0, 0, 1, 17, 79060]]}, "combined": {"accuracy": 0.9482292217713146, "mcc": 0.9292521147410912, "f1": 0.948224737959174, "confusion_matrix": [[42143, 57, 50, 1, 0, 4, 0, 1, 1, 0, 0, 0, 0, 0, 4116], [116, 48209, 144, 9, 8, 0, 0, 0, 0, 1, 0, 1, 0, 0, 3238], [33, 159, 77468, 54, 5, 2, 0, 0, 0, 0, 0, 0, 0, 0, 4481], [2, 87, 141, 81220, 54, 2, 3, 1, 0, 0, 2, 0, 0, 0, 3548], [2, 20, 9, 34, 79295, 65, 10, 7, 0, 0, 2, 0, 0, 0, 5507], [1, 2, 2, 7, 84, 79699, 110, 3, 0, 1, 3, 0, 0, 0, 4101], [0, 0, 6, 1, 37, 60, 80016, 44, 2, 0, 0, 0, 0, 1, 4188], [1, 0, 0, 0, 4, 2, 87, 79858, 28, 0, 0, 0, 0, 0, 3473], [1, 1, 0, 0, 0, 0, 1, 45, 78636, 13, 0, 0, 0, 0, 3922], [0, 0, 0, 0, 0, 0, 0, 0, 28, 77786, 12, 0, 0, 0, 3745], [0, 1, 1, 0, 0, 0, 0, 0, 0, 18, 74476, 15, 0, 2, 3946], [0, 4, 0, 0, 0, 4, 0, 0, 1, 0, 30, 76129, 12, 0, 3223], [0, 0, 7, 0, 0, 0, 0, 0, 0, 0, 0, 31, 74138, 13, 3822], [0, 0, 0, 0, 0, 1, 1, 0, 0, 0, 0, 0, 16, 75407, 3655], [3142, 3161, 4366, 3619, 5631, 4389, 4788, 4113, 4451, 3814, 3867, 3092, 3593, 3135, 1026115]]}}