{"binary": {"accuracy": 0.9030727889206903, "mcc": 0.8061455839218549, "f1": 0.9030727885551463, "confusion_matrix": [[242622, 26059], [26026, 242655]]}, "multiclass": {"accuracy": 0.9985596301934264, "mcc": 0.998446286407499, "f1": 0.9985596134296476, "confusion_matrix": [[11824, 20, 0, 0, 0, 0, 0, 0, 0, 0, 0, 0, 0, 0], [33, 12984, 6, 2, 0, 0, 0, 0, 0, 0, 0, 0, 0, 0], [0, 9, 20723, 31, 0, 0, 0, 0, 0, 0, 0, 0, 0, 0], [0, 16, 27, 21000, 28, 1, 0, 0, 0, 0, 0, 0, 0, 0], [0, 1, 3, 8, 21089, 12, 0, 0, 0, 0, 0, 0, 0, 0], [0, 0, 0, 0, 30, 20801, 16, 0, 0, 0, 0, 0, 0, 0], [0, 0, 0, 0, 0, 22, 20536, 11, 0, 0, 0, 0, 0, 0], [0, 0, 0, 0, 0, 0, 9, 20527, 13, 0, 0, 0, 0, 0], [0, 0, 0, 0, 0, 0, 0, 4, 20282, 10, 0, 0, 0, 0], [0, 0, 0, 0, 0, 0, 0, 0, 12, 19878, 5, 0, 0, 0], [0, 0, 0, 0, 0, 0, 0, 0, 0, 9, 19721, 12, 0, 0], [0, 0, 0, 0, 0, 0, 0, 0, 0, 0, 2, 19860, 6, 0], [0, 0, 0, 0, 0, 0, 0, 0, 0, 0, 0, 11, 19315, 10], [0, 0, 0, 0, 0, 0, 0, 0, 0, 0, 0, 0, 8, 19754]]}, "combined": {"accuracy": 0.9024065713615775, "mcc": 0.8666358980745369, "f1": 0.9024062043581986, "confusion_matrix": [[9960, 19, 0, 0, 0, 0, 0, 0, 0, 0, 0, 0, 0, 0, 1865], [32, 11660, 5, 2, 0, 0, 0, 0, 0, 0, 0, 0, 0, 0, 1326], [0, 9, 18542, 28, 0, 0, 0, 0, 0, 0, 0, 0, 0, 0, 2184], [0, 16, 25, 18762, 23, 1, 0, 0, 0, 0, 0, 0, 0, 0, 2245], [0, 1, 3, 7, 18697, 10, 0, 0, 0, 0, 0, 0, 0, 0, 2395], [0, 0, 0, 0, 29, 18940, 15, 0, 0, 0, 0, 0, 0, 0, 1863], [0, 0, 0, 0, 0, 22, 18638, 11, 0, 0, 0, 0, 0, 0, 1898], [0, 0, 0, 0, 0, 0, 9, 18741, 13, 0, 0, 0, 0, 0, 1786], [0, 0, 0, 0, 0, 0, 0, 4, 18376, 9, 0, 0, 0, 0, 1907], [0, 0, 0, 0, 0, 0, 0, 0, 10, 17918, 5, 0, 0, 0, 1962], [0, 0, 0, 0, 0, 0, 0, 0, 0, 7, 18151, 12, 0, 0, 1572], [0, 0, 0, 0, 0, 0, 0, 0, 0, 0, 1, 18199, 4, 0, 1664], [0, 0, 0, 0, 0, 0, 0, 0, 0, 0, 0, 10, 17778, 9, 1539], [0, 0, 0, 0, 0, 0, 0, 0, 0, 0, 0, 0, 7, 17935, 1820], [1561, 1190, 1829, 2335, 2568, 2205, 2177, 2139, 2149, 1890, 1664, 1515, 1414, 1423, 242622]]}}