{"binary": {"accuracy": 0.9332267010057864, "mcc": 0.8664534053479699, "f1": 0.9332267008772266, "confusion_matrix": [[1010299, 72237], [72332, 1010204]]}, "multiclass": {"accuracy": 0.9970356644028466, "mcc": 0.9968020861010699, "f1": 0.9970367518499057, "confusion_matrix": [[46338, 74, 118, 6, 3, 5, 2, 2, 0, 0, 2, 0, 1, 0], [114, 51424, 286, 29, 11, 1, 1, 0, 0, 1, 0, 12, 0, 4], [42, 300, 81420, 148, 16, 4, 1, 2, 1, 3, 0, 0, 0, 2], [7, 146, 316, 84578, 85, 19, 3, 1, 1, 1, 4, 7, 1, 0], [1, 75, 16, 55, 85023, 117, 24, 4, 0, 1, 2, 5, 3, 1], [0, 23, 2, 12, 90, 83723, 134, 17, 5, 3, 3, 1, 0, 2], [0, 0, 9, 1, 35, 110, 84033, 51, 8, 4, 0, 1, 0, 3], [0, 0, 0, 2, 2, 3, 66, 83653, 57, 0, 2, 2, 1, 0], [0, 0, 1, 0, 1, 4, 3, 63, 82374, 16, 2, 0, 0, 0], [0, 55, 5, 0, 2, 0, 0, 1, 39, 81686, 13, 0, 0, 0], [2, 6, 0, 2, 1, 0, 3, 3, 0, 27, 78755, 37, 2, 0], [0, 6, 2, 0, 0, 1, 0, 0, 2, 1, 41, 79374, 18, 1], [2, 0, 10, 3, 0, 0, 0, 2, 0, 0, 1, 40, 77928, 14], [0, 1, 0, 0, 0, 5, 2, 0, 2, 0, 0, 1, 31, 79018]]}, "combined": {"accuracy": 0.9318045773997354, "mcc": 0.9067990158826703, "f1": 0.931789656259255, "confusion_matrix": [[40781, 73, 115, 6, 3, 4, 2, 2, 0, 0, 2, 0, 0, 0, 5563], [106, 47310, 279, 28, 11, 1, 1, 0, 0, 1, 0, 11, 0, 3, 4132], [42, 288, 75805, 145, 14, 4, 1, 2, 1, 3, 0, 0, 0, 2, 5632], [7, 144, 305, 79896, 78, 18, 3, 1, 1, 1, 4, 7, 1, 0, 4703], [1, 71, 16, 52, 77810, 108, 23, 4, 0, 1, 2, 5, 1, 1, 7232], [0, 22, 2, 12, 88, 78164, 131, 16, 5, 2, 3, 1, 0, 2, 5567], [0, 0, 9, 1, 35, 107, 79236, 46, 8, 4, 0, 1, 0, 3, 4805], [0, 0, 0, 2, 2, 3, 66, 78931, 57, 0, 2, 2, 1, 0, 4722], [0, 0, 1, 0, 1, 2, 3, 56, 76939, 14, 2, 0, 0, 0, 5446], [0, 55, 5, 0, 2, 0, 0, 1, 38, 76774, 12, 0, 0, 0, 4914], [1, 6, 0, 2, 1, 0, 1, 3, 0, 26, 73882, 33, 2, 0, 4881], [0, 6, 2, 0, 0, 1, 0, 0, 2, 1, 37, 74966, 17, 1, 4413], [2, 0, 10, 3, 0, 0, 0, 2, 0, 0, 1, 40, 72587, 12, 5343], [0, 1, 0, 0, 0, 4, 2, 0, 1, 0, 0, 1, 28, 74044, 4979], [4003, 3877, 5978, 4690, 6927, 5959, 5894, 5302, 5616, 5003, 5122, 4446, 5127, 4293, 1010299]]}}