{"binary": {"accuracy": 0.9574279455119183, "mcc": 0.9148559455845473, "f1": 0.9574279442424498, "confusion_matrix": [[1034224, 45792], [46165, 1033851]]}, "multiclass": {"accuracy": 0.9987990918653057, "mcc": 0.9987044368013919, "f1": 0.9987991513737903, "confusion_matrix": [[46439, 72, 11, 1, 2, 0, 0, 0, 0, 0, 0, 0, 0, 0], [113, 51558, 78, 5, 5, 0, 0, 0, 0, 0, 0, 0, 0, 0], [17, 91, 82211, 46, 3, 3, 3, 0, 0, 0, 1, 0, 0, 0], [0, 49, 83, 84958, 49, 4, 0, 0, 0, 0, 2, 1, 0, 0], [1, 6, 7, 33, 84606, 59, 6, 0, 0, 0, 1, 0, 0, 0], [0, 1, 1, 1, 93, 83684, 63, 0, 0, 0, 0, 0, 0, 0], [0, 0, 2, 0, 17, 43, 84207, 34, 3, 0, 0, 0, 0, 0], [1, 0, 0, 0, 0, 1, 84, 83060, 11, 0, 0, 0, 0, 0], [0, 0, 0, 0, 0, 0, 1, 17, 82457, 12, 0, 0, 0, 0], [0, 0, 0, 0, 0, 0, 0, 0, 14, 80823, 14, 0, 0, 0], [0, 0, 0, 0, 0, 0, 0, 0, 0, 17, 78392, 15, 0, 0], [1, 1, 0, 0, 0, 0, 0, 0, 0, 0, 31, 79245, 13, 0], [2, 0, 0, 0, 0, 0, 0, 0, 0, 1, 2, 19, 77970, 17], [0, 0, 0, 0, 0, 1, 0, 0, 0, 0, 0, 0, 12, 79109]]}, "combined": {"accuracy": 0.956845546732641, "mcc": 0.941017498548267, "f1": 0.9568411401821618, "confusion_matrix": [[42872, 68, 11, 1, 2, 0, 0, 0, 0, 0, 0, 0, 0, 0, 3571], [107, 48997, 73, 5, 4, 0, 0, 0, 0, 0, 0, 0, 0, 0, 2573], [17, 89, 78631, 46, 3, 3, 3, 0, 0, 0, 1, 0, 0, 0, 3582], [0, 49, 82, 81857, 46, 4, 0, 0, 0, 0, 2, 1, 0, 0, 3105], [0, 6, 7, 33, 79658, 57, 6, 0, 0, 0, 0, 0, 0, 0, 4952], [0, 1, 1, 1, 91, 80382, 62, 0, 0, 0, 0, 0, 0, 0, 3305], [0, 0, 2, 0, 17, 42, 80682, 33, 3, 0, 0, 0, 0, 0, 3527], [1, 0, 0, 0, 0, 1, 83, 80111, 11, 0, 0, 0, 0, 0, 2950], [0, 0, 0, 0, 0, 0, 1, 17, 79238, 12, 0, 0, 0, 0, 3219], [0, 0, 0, 0, 0, 0, 0, 0, 13, 77689, 12, 0, 0, 0, 3137], [0, 0, 0, 0, 0, 0, 0, 0, 0, 17, 75065, 13, 0, 0, 3329], [1, 1, 0, 0, 0, 0, 0, 0, 0, 0, 30, 76474, 13, 0, 2772], [2, 0, 0, 0, 0, 0, 0, 0, 0, 1, 2, 19, 74994, 16, 2977], [0, 0, 0, 0, 0, 1, 0, 0, 0, 0, 0, 0, 12, 75943, 3166], [2482, 2538, 3851, 2862, 4782, 3765, 3827, 3284, 3852, 3569, 2960, 2551, 2813, 2656, 1034224]]}}