{"binary": {"accuracy": 0.887490325471506, "mcc": 0.7749806586161865, "f1": 0.8874903249145203, "confusion_matrix": [[239638, 30401], [30363, 239676]]}, "multiclass": {"accuracy": 0.9978706779391125, "mcc": 0.9977030437624442, "f1": 0.9978706127734809, "confusion_matrix": [[11650, 27, 0, 0, 0, 0, 0, 0, 0, 0, 0, 0, 0, 0], [54, 12996, 24, 3, 0, 0, 0, 0, 0, 0, 0, 0, 0, 0], [2, 32, 20574, 22, 1, 0, 0, 0, 0, 0, 0, 0, 0, 0], [0, 24, 65, 21276, 38, 0, 0, 0, 0, 0, 0, 0, 0, 0], [0, 0, 4, 15, 21027, 19, 0, 0, 0, 0, 0, 0, 0, 0], [0, 0, 0, 0, 27, 20804, 32, 2, 0, 0, 0, 0, 0, 0], [0, 0, 0, 0, 2, 18, 21056, 14, 0, 0, 0, 0, 0, 0], [0, 0, 0, 0, 0, 0, 30, 20598, 8, 0, 0, 0, 0, 0], [0, 0, 0, 0, 0, 0, 0, 12, 20362, 9, 0, 0, 0, 0], [0, 0, 0, 0, 0, 0, 0, 0, 7, 20167, 5, 0, 0, 0], [0, 0, 0, 0, 0, 0, 0, 0, 0, 21, 19788, 11, 0, 0], [0, 0, 0, 0, 0, 0, 0, 0, 0, 0, 1, 19912, 10, 0], [0, 0, 0, 0, 0, 0, 0, 0, 0, 0, 0, 12, 19688, 16], [0, 0, 0, 0, 0, 0, 0, 0, 0, 0, 0, 0, 8, 19566]]}, "combined": {"accuracy": 0.8865071341546962, "mcc": 0.8449061515868393, "f1": 0.8864934937048534, "confusion_matrix": [[9716, 26, 0, 0, 0, 0, 0, 0, 0, 0, 0, 0, 0, 0, 1935], [53, 11478, 22, 2, 0, 0, 0, 0, 0, 0, 0, 0, 0, 0, 1522], [2, 31, 18187, 19, 1, 0, 0, 0, 0, 0, 0, 0, 0, 0, 2391], [0, 24, 62, 18615, 34, 0, 0, 0, 0, 0, 0, 0, 0, 0, 2668], [0, 0, 3, 13, 17908, 17, 0, 0, 0, 0, 0, 0, 0, 0, 3124], [0, 0, 0, 0, 24, 18591, 32, 2, 0, 0, 0, 0, 0, 0, 2216], [0, 0, 0, 0, 2, 17, 18750, 14, 0, 0, 0, 0, 0, 0, 2307], [0, 0, 0, 0, 0, 0, 28, 18476, 7, 0, 0, 0, 0, 0, 2125], [0, 0, 0, 0, 0, 0, 0, 10, 18133, 9, 0, 0, 0, 0, 2231], [0, 0, 0, 0, 0, 0, 0, 0, 6, 18061, 4, 0, 0, 0, 2108], [0, 0, 0, 0, 0, 0, 0, 0, 0, 16, 17717, 10, 0, 0, 2077], [0, 0, 0, 0, 0, 0, 0, 0, 0, 0, 1, 17988, 10, 0, 1924], [0, 0, 0, 0, 0, 0, 0, 0, 0, 0, 0, 11, 17866, 13, 1826], [0, 0, 0, 0, 0, 0, 0, 0, 0, 0, 0, 0, 6, 17659, 1909], [1610, 1354, 2331, 2350, 3122, 2522, 2490, 2372, 2391, 2250, 1907, 1905, 2045, 1752, 239638]]}}