{"binary": {"accuracy": 0.9774619173040171, "mcc": 0.9549241219837639, "f1": 0.9774619139127017, "confusion_matrix": [[1049933, 23783], [24616, 1049100]]}, "multiclass": {"accuracy": 0.9993964884569104, "mcc": 0.9993489526106208, "f1": 0.9993964812132756, "confusion_matrix": [[46428, 43, 0, 0, 0, 0, 0, 0, 0, 0, 0, 0, 0, 0], [65, 51978, 30, 4, 0, 0, 0, 0, 0, 0, 0, 0, 0, 0], [0, 19, 82101, 46, 2, 0, 0, 0, 0, 0, 0, 0, 0, 0], [0, 6, 47, 83599, 29, 1, 0, 0, 0, 0, 0, 0, 0, 0], [0, 0, 13, 18, 84297, 28, 0, 0, 0, 0, 0, 0, 0, 0], [0, 0, 0, 0, 63, 83696, 36, 0, 0, 0, 0, 0, 0, 0], [0, 0, 0, 0, 0, 44, 82955, 15, 0, 0, 0, 0, 0, 0], [0, 0, 0, 0, 0, 0, 15, 82941, 8, 0, 0, 0, 0, 0], [0, 0, 0, 0, 0, 0, 0, 10, 81104, 13, 0, 0, 0, 0], [0, 1, 0, 0, 0, 0, 0, 0, 9, 79409, 8, 0, 0, 0], [0, 0, 0, 0, 0, 0, 0, 0, 0, 10, 78844, 14, 0, 0], [0, 0, 0, 0, 0, 0, 0, 0, 0, 0, 13, 79607, 9, 0], [0, 0, 0, 0, 0, 0, 0, 0, 0, 0, 0, 9, 77523, 13], [0, 0, 0, 0, 0, 0, 0, 0, 0, 0, 0, 0, 7, 78586]]}, "combined": {"accuracy": 0.9771652839298287, "mcc": 0.9687865468320562, "f1": 0.9771639478027461, "confusion_matrix": [[44558, 43, 0, 0, 0, 0, 0, 0, 0, 0, 0, 0, 0, 0, 1870], [65, 50410, 29, 4, 0, 0, 0, 0, 0, 0, 0, 0, 0, 0, 1569], [0, 19, 80280, 39, 2, 0, 0, 0, 0, 0, 0, 0, 0, 0, 1828], [0, 6, 47, 81773, 28, 1, 0, 0, 0, 0, 0, 0, 0, 0, 1827], [0, 0, 12, 18, 82147, 28, 0, 0, 0, 0, 0, 0, 0, 0, 2151], [0, 0, 0, 0, 62, 81814, 36, 0, 0, 0, 0, 0, 0, 0, 1883], [0, 0, 0, 0, 0, 44, 81314, 15, 0, 0, 0, 0, 0, 0, 1641], [0, 0, 0, 0, 0, 0, 15, 81365, 8, 0, 0, 0, 0, 0, 1576], [0, 0, 0, 0, 0, 0, 0, 10, 79085, 13, 0, 0, 0, 0, 2019], [0, 1, 0, 0, 0, 0, 0, 0, 9, 77488, 8, 0, 0, 0, 1921], [0, 0, 0, 0, 0, 0, 0, 0, 0, 10, 77174, 14, 0, 0, 1670], [0, 0, 0, 0, 0, 0, 0, 0, 0, 0, 13, 78108, 9, 0, 1499], [0, 0, 0, 0, 0, 0, 0, 0, 0, 0, 0, 9, 76131, 13, 1392], [0, 0, 0, 0, 0, 0, 0, 0, 0, 0, 0, 0, 7, 76816, 1770], [1410, 1336, 1441, 1887, 2232, 1924, 1917, 1902, 2046, 1918, 1665, 1371, 1346, 1388, 1049933]]}}