{"binary": {"accuracy": 0.950168455619635, "mcc": 0.9003370117699764, "f1": 0.9501684528375655, "confusion_matrix": [[512846, 26762], [27017, 512591]]}, "multiclass": {"accuracy": 0.9989881543639086, "mcc": 0.9989084255778327, "f1": 0.9989881721236407, "confusion_matrix": [[23187, 31, 0, 0, 0, 0, 0, 0, 0, 0, 0, 0, 0, 0], [44, 25993, 15, 1, 1, 0, 0, 0, 0, 0, 0, 0, 0, 0], [2, 28, 41377, 23, 2, 0, 0, 0, 0, 0, 0, 0, 0, 0], [0, 8, 47, 42249, 34, 0, 0, 0, 0, 0, 0, 0, 0, 0], [0, 0, 4, 8, 41875, 38, 0, 0, 0, 0, 0, 0, 0, 0], [0, 0, 0, 0, 28, 42028, 26, 1, 0, 0, 0, 0, 0, 0], [0, 0, 0, 0, 6, 31, 42133, 12, 0, 0, 0, 0, 0, 0], [0, 0, 0, 0, 0, 1, 40, 41460, 17, 0, 0, 0, 0, 0], [0, 0, 0, 0, 0, 0, 0, 9, 41095, 12, 0, 0, 0, 0], [0, 0, 0, 0, 0, 0, 0, 0, 8, 40255, 12, 0, 0, 0], [0, 0, 0, 0, 0, 0, 0, 0, 0, 11, 39296, 7, 0, 0], [0, 0, 0, 0, 0, 0, 0, 0, 0, 0, 10, 39736, 6, 0], [0, 0, 0, 0, 0, 0, 0, 0, 0, 0, 0, 9, 38859, 9], [0, 0, 0, 0, 0, 0, 0, 0, 0, 0, 0, 0, 5, 39519]]}, "combined": {"accuracy": 0.9496792115758106, "mcc": 0.931220206358872, "f1": 0.9496657170488265, "confusion_matrix": [[21007, 30, 0, 0, 0, 0, 0, 0, 0, 0, 0, 0, 0, 0, 2181], [43, 24236, 15, 1, 1, 0, 0, 0, 0, 0, 0, 0, 0, 0, 1758], [1, 28, 39182, 21, 2, 0, 0, 0, 0, 0, 0, 0, 0, 0, 2198], [0, 8, 43, 40240, 33, 0, 0, 0, 0, 0, 0, 0, 0, 0, 2014], [0, 0, 4, 8, 39211, 38, 0, 0, 0, 0, 0, 0, 0, 0, 2664], [0, 0, 0, 0, 28, 40085, 25, 1, 0, 0, 0, 0, 0, 0, 1944], [0, 0, 0, 0, 6, 30, 40185, 12, 0, 0, 0, 0, 0, 0, 1949], [0, 0, 0, 0, 0, 1, 40, 39806, 16, 0, 0, 0, 0, 0, 1655], [0, 0, 0, 0, 0, 0, 0, 9, 39084, 11, 0, 0, 0, 0, 2012], [0, 0, 0, 0, 0, 0, 0, 0, 7, 38420, 12, 0, 0, 0, 1836], [0, 0, 0, 0, 0, 0, 0, 0, 0, 10, 37561, 7, 0, 0, 1736], [0, 0, 0, 0, 0, 0, 0, 0, 0, 0, 10, 38209, 5, 0, 1528], [0, 0, 0, 0, 0, 0, 0, 0, 0, 0, 0, 8, 37204, 9, 1656], [0, 0, 0, 0, 0, 0, 0, 0, 0, 0, 0, 0, 5, 37633, 1886], [1430, 1483, 1952, 1660, 2596, 2189, 2072, 2166, 2064, 2079, 1867, 1665, 1628, 1911, 512846]]}}