{"binary": {"accuracy": 0.9339604853557723, "mcc": 0.867920971002194, "f1": 0.9339604853447147, "confusion_matrix": [[505232, 35732], [35718, 505246]]}, "multiclass": {"accuracy": 0.9984010026545205, "mcc": 0.9982750978742011, "f1": 0.9984011142485201, "confusion_matrix": [[23381, 29, 14, 1, 0, 0, 0, 0, 0, 0, 0, 0, 0, 0], [59, 26082, 69, 5, 4, 0, 0, 0, 0, 0, 0, 0, 0, 0], [1, 72, 41422, 32, 2, 0, 0, 0, 0, 0, 0, 0, 0, 0], [0, 67, 80, 42081, 46, 2, 0, 0, 0, 0, 0, 0, 0, 0], [0, 6, 1, 14, 42266, 43, 1, 0, 0, 0, 0, 0, 0, 0], [0, 0, 0, 0, 35, 41917, 39, 0, 0, 0, 0, 0, 0, 0], [0, 0, 0, 0, 0, 32, 42140, 23, 0, 0, 0, 0, 0, 0], [0, 0, 0, 0, 0, 0, 47, 41658, 10, 0, 0, 0, 0, 0], [2, 0, 0, 0, 0, 0, 0, 25, 40898, 8, 0, 0, 0, 0], [0, 0, 0, 0, 0, 0, 0, 0, 14, 40731, 4, 0, 0, 0], [0, 0, 0, 0, 0, 0, 0, 0, 0, 13, 39256, 3, 0, 0], [0, 3, 0, 0, 0, 0, 0, 0, 0, 0, 17, 39697, 11, 0], [0, 0, 0, 0, 0, 0, 0, 0, 0, 0, 0, 10, 38946, 14], [0, 0, 0, 0, 0, 1, 0, 0, 0, 0, 0, 0, 6, 39624]]}, "combined": {"accuracy": 0.9332035033754557, "mcc": 0.9087158813413201, "f1": 0.9331811923359381, "confusion_matrix": [[20567, 27, 14, 1, 0, 0, 0, 0, 0, 0, 0, 0, 0, 0, 2816], [54, 23882, 68, 4, 4, 0, 0, 0, 0, 0, 0, 0, 0, 0, 2207], [1, 70, 38435, 27, 2, 0, 0, 0, 0, 0, 0, 0, 0, 0, 2994], [0, 66, 76, 39560, 42, 2, 0, 0, 0, 0, 0, 0, 0, 0, 2530], [0, 5, 1, 12, 38510, 37, 1, 0, 0, 0, 0, 0, 0, 0, 3765], [0, 0, 0, 0, 34, 39344, 39, 0, 0, 0, 0, 0, 0, 0, 2574], [0, 0, 0, 0, 0, 32, 39646, 22, 0, 0, 0, 0, 0, 0, 2495], [0, 0, 0, 0, 0, 0, 46, 39528, 8, 0, 0, 0, 0, 0, 2133], [2, 0, 0, 0, 0, 0, 0, 25, 38351, 6, 0, 0, 0, 0, 2549], [0, 0, 0, 0, 0, 0, 0, 0, 13, 38368, 4, 0, 0, 0, 2364], [0, 0, 0, 0, 0, 0, 0, 0, 0, 12, 36884, 3, 0, 0, 2373], [0, 3, 0, 0, 0, 0, 0, 0, 0, 0, 17, 37497, 11, 0, 2200], [0, 0, 0, 0, 0, 0, 0, 0, 0, 0, 0, 9, 36592, 12, 2357], [0, 0, 0, 0, 0, 1, 0, 0, 0, 0, 0, 0, 6, 37263, 2361], [2018, 1834, 2767, 2193, 3436, 2737, 2990, 2639, 2813, 2593, 2647, 2351, 2478, 2236, 505232]]}}