{"binary": {"accuracy": 0.8770735243533933, "mcc": 0.754147624137225, "f1": 0.877073477455655, "confusion_matrix": [[236970, 33403], [33069, 237304]]}, "multiclass": {"accuracy": 0.9972371501592244, "mcc": 0.997019598677563, "f1": 0.9972372780396092, "confusion_matrix": [[11658, 30, 7, 0, 0, 0, 0, 0, 0, 0, 0, 0, 0, 0], [55, 12891, 40, 0, 0, 0, 0, 0, 0, 0, 0, 0, 0, 0], [5, 52, 20549, 27, 0, 1, 0, 0, 0, 0, 0, 0, 0, 0], [0, 39, 64, 21388, 55, 0, 0, 0, 0, 1, 0, 0, 0, 0], [0, 4, 2, 10, 21043, 30, 0, 0, 0, 0, 0, 0, 0, 0], [0, 0, 0, 1, 30, 20779, 45, 0, 0, 0, 0, 0, 0, 0], [0, 0, 0, 0, 2, 29, 20936, 19, 0, 0, 0, 0, 0, 0], [0, 0, 0, 0, 0, 0, 33, 20663, 17, 0, 0, 0, 0, 0], [0, 0, 0, 0, 0, 0, 0, 17, 20390, 9, 0, 0, 0, 0], [0, 0, 0, 0, 0, 0, 0, 0, 16, 20367, 8, 0, 0, 0], [0, 0, 0, 0, 0, 0, 0, 0, 0, 7, 19645, 16, 0, 0], [0, 0, 0, 0, 0, 0, 0, 0, 0, 0, 32, 20069, 11, 0], [0, 0, 0, 0, 0, 0, 0, 0, 0, 0, 0, 8, 19667, 7], [0, 0, 0, 0, 0, 0, 0, 0, 0, 0, 0, 0, 18, 19581]]}, "combined": {"accuracy": 0.8758437417937442, "mcc": 0.8303906138391948, "f1": 0.8758301497032573, "confusion_matrix": [[9384, 27, 5, 0, 0, 0, 0, 0, 0, 0, 0, 0, 0, 0, 2279], [50, 11258, 39, 0, 0, 0, 0, 0, 0, 0, 0, 0, 0, 0, 1639], [5, 43, 18036, 24, 0, 1, 0, 0, 0, 0, 0, 0, 0, 0, 2525], [0, 36, 57, 18610, 48, 0, 0, 0, 0, 0, 0, 0, 0, 0, 2796], [0, 3, 2, 7, 17776, 26, 0, 0, 0, 0, 0, 0, 0, 0, 3275], [0, 0, 0, 1, 25, 18290, 44, 0, 0, 0, 0, 0, 0, 0, 2495], [0, 0, 0, 0, 2, 23, 18601, 18, 0, 0, 0, 0, 0, 0, 2342], [0, 0, 0, 0, 0, 0, 32, 18444, 14, 0, 0, 0, 0, 0, 2223], [0, 0, 0, 0, 0, 0, 0, 15, 17900, 9, 0, 0, 0, 0, 2492], [0, 0, 0, 0, 0, 0, 0, 0, 15, 18130, 5, 0, 0, 0, 2241], [0, 0, 0, 0, 0, 0, 0, 0, 0, 7, 17479, 14, 0, 0, 2168], [0, 0, 0, 0, 0, 0, 0, 0, 0, 0, 29, 18000, 11, 0, 2072], [0, 0, 0, 0, 0, 0, 0, 0, 0, 0, 0, 5, 17476, 6, 2195], [0, 0, 0, 0, 0, 0, 0, 0, 0, 0, 0, 0, 17, 17255, 2327], [1733, 1400, 2786, 2436, 3490, 2767, 2735, 2674, 2631, 2380, 2229, 1967, 2217, 1958, 236970]]}}