{"binary": {"accuracy": 0.9168574466985208, "mcc": 0.8337149766123672, "f1": 0.9168574425491803, "confusion_matrix": [[496482, 45154], [44912, 496724]]}, "multiclass": {"accuracy": 0.9973764668522772, "mcc": 0.9971698549476347, "f1": 0.9973771652936332, "confusion_matrix": [[23336, 22, 43, 0, 0, 0, 0, 0, 0, 0, 0, 0, 0, 0], [47, 25851, 169, 10, 3, 0, 0, 0, 0, 0, 2, 3, 0, 0], [4, 121, 41497, 71, 3, 1, 0, 0, 1, 0, 0, 1, 0, 0], [2, 84, 143, 41813, 57, 2, 3, 1, 1, 1, 1, 0, 0, 0], [0, 44, 7, 29, 42497, 77, 3, 1, 0, 0, 0, 12, 0, 0], [0, 7, 1, 1, 55, 41848, 64, 3, 2, 0, 0, 0, 0, 1], [0, 0, 0, 0, 10, 49, 42068, 33, 1, 1, 0, 0, 0, 0], [0, 0, 0, 1, 1, 0, 43, 41801, 12, 0, 0, 0, 0, 0], [0, 0, 0, 0, 0, 1, 0, 28, 40885, 7, 1, 0, 0, 0], [0, 23, 0, 0, 0, 0, 0, 0, 16, 40973, 9, 0, 0, 0], [0, 0, 0, 0, 0, 0, 0, 0, 0, 13, 39439, 12, 0, 0], [0, 1, 0, 0, 0, 2, 0, 0, 0, 0, 14, 39701, 11, 0], [0, 0, 0, 0, 0, 0, 0, 0, 0, 0, 0, 11, 39005, 12], [0, 0, 0, 0, 0, 2, 0, 0, 0, 0, 0, 0, 4, 39501]]}, "combined": {"accuracy": 0.9156379930432984, "mcc": 0.8847249906585738, "f1": 0.9155978347688174, "confusion_matrix": [[19500, 20, 34, 0, 0, 0, 0, 0, 0, 0, 0, 0, 0, 0, 3847], [42, 23168, 165, 8, 3, 0, 0, 0, 0, 0, 2, 0, 0, 0, 2697], [3, 115, 37843, 64, 3, 1, 0, 0, 1, 0, 0, 1, 0, 0, 3668], [2, 77, 138, 38521, 51, 2, 3, 1, 1, 0, 1, 0, 0, 0, 3311], [0, 38, 7, 28, 38228, 66, 3, 1, 0, 0, 0, 10, 0, 0, 4289], [0, 7, 1, 1, 54, 38646, 63, 3, 2, 0, 0, 0, 0, 1, 3204], [0, 0, 0, 0, 10, 47, 39004, 28, 1, 1, 0, 0, 0, 0, 3071], [0, 0, 0, 1, 1, 0, 42, 38892, 11, 0, 0, 0, 0, 0, 2911], [0, 0, 0, 0, 0, 1, 0, 27, 37883, 6, 1, 0, 0, 0, 3004], [0, 23, 0, 0, 0, 0, 0, 0, 16, 38079, 6, 0, 0, 0, 2897], [0, 0, 0, 0, 0, 0, 0, 0, 0, 11, 36494, 12, 0, 0, 2947], [0, 1, 0, 0, 0, 2, 0, 0, 0, 0, 12, 36916, 10, 0, 2788], [0, 0, 0, 0, 0, 0, 0, 0, 0, 0, 0, 11, 35823, 12, 3182], [0, 0, 0, 0, 0, 1, 0, 0, 0, 0, 0, 0, 4, 36406, 3096], [2578, 2277, 3577, 2644, 4070, 3598, 3912, 3483, 3557, 3135, 3406, 2893, 3336, 2688, 496482]]}}