{"binary": {"accuracy": 0.8980150912537636, "mcc": 0.7960303129261663, "f1": 0.89801508289935, "confusion_matrix": [[241670, 27360], [27514, 241516]]}, "multiclass": {"accuracy": 0.9985057428539568, "mcc": 0.9983881509669068, "f1": 0.9985057131983784, "confusion_matrix": [[11770, 20, 0, 0, 0, 0, 0, 0, 0, 0, 0, 0, 0, 0], [30, 13074, 12, 2, 0, 0, 0, 0, 0, 0, 0, 0, 0, 0], [0, 12, 20617, 21, 2, 0, 0, 0, 0, 0, 0, 0, 0, 0], [0, 9, 36, 21016, 31, 0, 0, 0, 0, 0, 0, 0, 0, 0], [0, 1, 9, 12, 21135, 17, 0, 0, 0, 0, 0, 0, 0, 0], [0, 0, 0, 0, 22, 20682, 15, 0, 0, 0, 0, 0, 0, 0], [0, 0, 0, 0, 0, 16, 20609, 15, 0, 0, 0, 0, 0, 0], [0, 0, 0, 0, 0, 0, 12, 20646, 7, 0, 0, 0, 0, 0], [0, 0, 0, 0, 0, 0, 0, 12, 20530, 7, 0, 0, 0, 0], [0, 0, 0, 0, 0, 0, 0, 0, 13, 19843, 6, 0, 0, 0], [0, 0, 0, 0, 0, 0, 0, 0, 0, 12, 19770, 9, 0, 0], [0, 0, 0, 0, 0, 0, 0, 0, 0, 0, 9, 19863, 9, 0], [0, 0, 0, 0, 0, 0, 0, 0, 0, 0, 0, 14, 19376, 5], [0, 0, 0, 0, 0, 0, 0, 0, 0, 0, 0, 0, 5, 19697]]}, "combined": {"accuracy": 0.8973367282459205, "mcc": 0.8596769042165683, "f1": 0.8973359925402092, "confusion_matrix": [[9840, 20, 0, 0, 0, 0, 0, 0, 0, 0, 0, 0, 0, 0, 1930], [26, 11617, 12, 2, 0, 0, 0, 0, 0, 0, 0, 0, 0, 0, 1461], [0, 10, 18510, 18, 2, 0, 0, 0, 0, 0, 0, 0, 0, 0, 2112], [0, 9, 31, 18432, 28, 0, 0, 0, 0, 0, 0, 0, 0, 0, 2592], [0, 1, 8, 10, 18773, 16, 0, 0, 0, 0, 0, 0, 0, 0, 2366], [0, 0, 0, 0, 21, 18459, 13, 0, 0, 0, 0, 0, 0, 0, 2226], [0, 0, 0, 0, 0, 16, 18547, 15, 0, 0, 0, 0, 0, 0, 2062], [0, 0, 0, 0, 0, 0, 11, 18825, 6, 0, 0, 0, 0, 0, 1823], [0, 0, 0, 0, 0, 0, 0, 11, 18248, 6, 0, 0, 0, 0, 2284], [0, 0, 0, 0, 0, 0, 0, 0, 12, 17942, 5, 0, 0, 0, 1903], [0, 0, 0, 0, 0, 0, 0, 0, 0, 10, 18085, 8, 0, 0, 1688], [0, 0, 0, 0, 0, 0, 0, 0, 0, 0, 9, 18263, 8, 0, 1601], [0, 0, 0, 0, 0, 0, 0, 0, 0, 0, 0, 12, 17812, 4, 1567], [0, 0, 0, 0, 0, 0, 0, 0, 0, 0, 0, 0, 5, 17798, 1899], [1700, 1232, 1870, 2399, 2740, 2262, 2365, 2143, 2319, 2030, 1693, 1767, 1394, 1446, 241670]]}}