{"binary": {"accuracy": 0.865708691958184, "mcc": 0.7314188176139116, "f1": 0.8657085603419925, "confusion_matrix": [[234088, 36622], [36086, 234624]]}, "multiclass": {"accuracy": 0.996438993757157, "mcc": 0.9961586730617894, "f1": 0.9964392642190422, "confusion_matrix": [[11741, 22, 16, 1, 2, 0, 0, 0, 0, 0, 0, 0, 0, 0], [69, 12825, 69, 14, 1, 0, 0, 0, 0, 0, 0, 0, 0, 0], [5, 76, 20554, 24, 1, 1, 0, 0, 0, 0, 0, 0, 0, 0], [2, 56, 82, 21330, 56, 0, 0, 0, 0, 0, 0, 0, 0, 0], [0, 10, 6, 11, 20998, 53, 2, 0, 0, 0, 0, 0, 0, 0], [0, 2, 0, 0, 37, 20755, 62, 0, 0, 0, 0, 0, 0, 0], [0, 0, 0, 0, 0, 38, 20992, 27, 0, 0, 0, 0, 0, 0], [0, 0, 0, 0, 1, 0, 32, 20657, 16, 0, 0, 0, 0, 0], [1, 0, 0, 0, 0, 0, 0, 34, 20371, 8, 0, 0, 0, 0], [0, 0, 0, 0, 0, 0, 0, 0, 15, 20533, 5, 0, 0, 0], [0, 0, 0, 0, 0, 0, 0, 1, 0, 13, 19629, 13, 0, 0], [0, 3, 0, 0, 0, 0, 0, 0, 0, 0, 31, 19939, 10, 0], [0, 0, 3, 0, 0, 0, 0, 0, 0, 0, 0, 16, 19622, 10], [0, 0, 0, 0, 0, 0, 0, 0, 0, 0, 0, 0, 7, 19800]]}, "combined": {"accuracy": 0.8640851834065975, "mcc": 0.8143731772940722, "f1": 0.8640656671897179, "confusion_matrix": [[9410, 21, 15, 1, 2, 0, 0, 0, 0, 0, 0, 0, 0, 0, 2333], [64, 11088, 65, 14, 1, 0, 0, 0, 0, 0, 0, 0, 0, 0, 1746], [5, 68, 17899, 24, 1, 1, 0, 0, 0, 0, 0, 0, 0, 0, 2663], [2, 55, 76, 18467, 42, 0, 0, 0, 0, 0, 0, 0, 0, 0, 2884], [0, 9, 6, 9, 17234, 46, 1, 0, 0, 0, 0, 0, 0, 0, 3775], [0, 2, 0, 0, 34, 18098, 52, 0, 0, 0, 0, 0, 0, 0, 2670], [0, 0, 0, 0, 0, 35, 18154, 24, 0, 0, 0, 0, 0, 0, 2844], [0, 0, 0, 0, 1, 0, 30, 18003, 14, 0, 0, 0, 0, 0, 2658], [1, 0, 0, 0, 0, 0, 0, 30, 17666, 8, 0, 0, 0, 0, 2709], [0, 0, 0, 0, 0, 0, 0, 0, 15, 17930, 5, 0, 0, 0, 2603], [0, 0, 0, 0, 0, 0, 0, 1, 0, 12, 17364, 10, 0, 0, 2269], [0, 3, 0, 0, 0, 0, 0, 0, 0, 0, 31, 18020, 8, 0, 1921], [0, 0, 3, 0, 0, 0, 0, 0, 0, 0, 0, 16, 17038, 10, 2584], [0, 0, 0, 0, 0, 0, 0, 0, 0, 0, 0, 0, 6, 17374, 2427], [1981, 1481, 3026, 2573, 3791, 2931, 2884, 2814, 2860, 2616, 2538, 2234, 2651, 2242, 234088]]}}