{"binary": {"accuracy": 0.9758896942815467, "mcc": 0.9517795290172365, "f1": 0.9758896925025674, "confusion_matrix": [[1049350, 25626], [26210, 1048766]]}, "multiclass": {"accuracy": 0.999317194058286, "mcc": 0.9992634118266026, "f1": 0.9993171907464498, "confusion_matrix": [[46455, 49, 0, 0, 0, 0, 0, 0, 0, 0, 0, 0, 0, 0], [64, 52074, 30, 6, 1, 0, 0, 0, 0, 0, 0, 0, 0, 0], [0, 20, 82024, 35, 0, 0, 0, 0, 0, 0, 0, 0, 0, 0], [0, 23, 41, 83863, 30, 1, 0, 0, 0, 0, 0, 0, 0, 0], [0, 0, 3, 20, 84202, 41, 0, 0, 0, 0, 0, 0, 0, 0], [0, 0, 0, 0, 83, 83836, 41, 0, 0, 0, 0, 0, 0, 0], [0, 0, 0, 0, 2, 45, 83357, 12, 0, 0, 0, 0, 0, 0], [0, 0, 0, 0, 0, 1, 19, 82896, 7, 0, 0, 0, 0, 0], [0, 0, 0, 0, 0, 0, 0, 20, 81711, 14, 0, 0, 0, 0], [0, 0, 0, 0, 0, 0, 0, 0, 14, 79335, 10, 0, 0, 0], [0, 0, 0, 0, 0, 0, 0, 0, 0, 11, 78661, 23, 0, 0], [0, 0, 0, 0, 0, 0, 0, 0, 0, 0, 14, 79634, 10, 0], [0, 0, 0, 0, 0, 0, 0, 0, 0, 0, 0, 16, 77639, 16], [0, 0, 0, 0, 0, 0, 0, 0, 0, 0, 0, 0, 12, 78555]]}, "combined": {"accuracy": 0.9755561984639657, "mcc": 0.9665894699390554, "f1": 0.9755554689968262, "confusion_matrix": [[44400, 46, 0, 0, 0, 0, 0, 0, 0, 0, 0, 0, 0, 0, 2058], [62, 50589, 30, 6, 1, 0, 0, 0, 0, 0, 0, 0, 0, 0, 1487], [0, 20, 80207, 35, 0, 0, 0, 0, 0, 0, 0, 0, 0, 0, 1817], [0, 23, 40, 81794, 29, 1, 0, 0, 0, 0, 0, 0, 0, 0, 2071], [0, 0, 2, 18, 81895, 40, 0, 0, 0, 0, 0, 0, 0, 0, 2311], [0, 0, 0, 0, 83, 81843, 40, 0, 0, 0, 0, 0, 0, 0, 1994], [0, 0, 0, 0, 2, 43, 81583, 12, 0, 0, 0, 0, 0, 0, 1776], [0, 0, 0, 0, 0, 1, 19, 81203, 7, 0, 0, 0, 0, 0, 1693], [0, 0, 0, 0, 0, 0, 0, 20, 79630, 14, 0, 0, 0, 0, 2081], [0, 0, 0, 0, 0, 0, 0, 0, 14, 77286, 10, 0, 0, 0, 2049], [0, 0, 0, 0, 0, 0, 0, 0, 0, 11, 76782, 22, 0, 0, 1880], [0, 0, 0, 0, 0, 0, 0, 0, 0, 0, 14, 77985, 10, 0, 1649], [0, 0, 0, 0, 0, 0, 0, 0, 0, 0, 0, 16, 76207, 14, 1434], [0, 0, 0, 0, 0, 0, 0, 0, 0, 0, 0, 0, 12, 76645, 1910], [1585, 1573, 1619, 1956, 2483, 2243, 1970, 1934, 2158, 2106, 1654, 1481, 1426, 1438, 1049350]]}}