{"binary": {"accuracy": 0.8509625672395091, "mcc": 0.7019252629670301, "f1": 0.8509625535987952, "confusion_matrix": [[230568, 40478], [40314, 230732]]}, "multiclass": {"accuracy": 0.9934992584284587, "mcc": 0.992988143343452, "f1": 0.9935046864345637, "confusion_matrix": [[11658, 33, 62, 0, 0, 2, 0, 1, 0, 0, 0, 0, 0, 0], [65, 12754, 174, 14, 0, 0, 1, 0, 1, 0, 1, 3, 1, 1], [9, 131, 20376, 58, 8, 6, 1, 0, 0, 0, 1, 0, 0, 0], [9, 96, 183, 21114, 64, 6, 3, 1, 1, 0, 0, 2, 0, 0], [0, 57, 7, 28, 20998, 101, 4, 4, 1, 2, 1, 6, 0, 0], [1, 12, 2, 2, 56, 20581, 73, 15, 3, 1, 0, 0, 0, 2], [0, 0, 0, 0, 11, 66, 21013, 33, 2, 1, 0, 0, 0, 1], [0, 0, 0, 2, 4, 0, 31, 20690, 18, 0, 1, 0, 0, 0], [0, 0, 0, 0, 0, 2, 1, 47, 20408, 15, 1, 0, 0, 0], [0, 47, 2, 0, 2, 1, 1, 0, 13, 20636, 11, 0, 0, 0], [0, 0, 0, 1, 0, 1, 2, 1, 0, 18, 19679, 21, 2, 0], [0, 2, 0, 0, 0, 0, 0, 1, 0, 1, 21, 19858, 17, 0], [0, 0, 1, 0, 4, 0, 0, 0, 1, 0, 0, 16, 19673, 6], [0, 0, 0, 0, 0, 3, 0, 0, 0, 0, 0, 0, 14, 19846]]}, "combined": {"accuracy": 0.8480405540019037, "mcc": 0.7923683033911084, "f1": 0.8480105927218619, "confusion_matrix": [[8906, 30, 57, 0, 0, 2, 0, 1, 0, 0, 0, 0, 0, 0, 2760], [60, 10765, 162, 14, 0, 0, 0, 0, 1, 0, 1, 2, 1, 0, 2009], [8, 123, 17402, 50, 8, 6, 1, 0, 0, 0, 1, 0, 0, 0, 2991], [9, 89, 152, 17938, 51, 6, 3, 1, 0, 0, 0, 2, 0, 0, 3228], [0, 44, 7, 25, 17246, 90, 4, 4, 1, 2, 1, 4, 0, 0, 3781], [1, 7, 2, 1, 53, 17771, 69, 15, 3, 1, 0, 0, 0, 2, 2823], [0, 0, 0, 0, 11, 53, 17971, 32, 2, 1, 0, 0, 0, 1, 3056], [0, 0, 0, 1, 4, 0, 29, 17898, 17, 0, 1, 0, 0, 0, 2796], [0, 0, 0, 0, 0, 2, 1, 43, 17500, 14, 1, 0, 0, 0, 2913], [0, 45, 2, 0, 2, 1, 1, 0, 12, 17549, 9, 0, 0, 0, 3092], [0, 0, 0, 1, 0, 1, 2, 1, 0, 18, 17142, 18, 2, 0, 2540], [0, 2, 0, 0, 0, 0, 0, 0, 0, 1, 19, 17342, 17, 0, 2519], [0, 0, 1, 0, 4, 0, 0, 0, 1, 0, 0, 13, 16755, 5, 2922], [0, 0, 0, 0, 0, 3, 0, 0, 0, 0, 0, 0, 13, 16963, 2884], [2146, 1782, 3217, 2923, 3968, 3387, 3335, 3140, 3160, 2777, 2821, 2532, 2821, 2469, 230568]]}}