{"binary": {"accuracy": 0.9575932949366901, "mcc": 0.9151866129395783, "f1": 0.9575932944022846, "confusion_matrix": [[516021, 22915], [22794, 516142]]}, "multiclass": {"accuracy": 0.9991260557839892, "mcc": 0.9990571960974505, "f1": 0.9991260668227486, "confusion_matrix": [[23237, 25, 0, 0, 0, 0, 0, 0, 0, 0, 0, 0, 0, 0], [26, 25987, 20, 1, 1, 0, 0, 0, 0, 0, 0, 0, 0, 0], [0, 22, 41345, 30, 1, 0, 0, 0, 0, 0, 0, 0, 0, 0], [0, 14, 23, 42194, 34, 0, 0, 0, 0, 0, 0, 0, 0, 0], [0, 0, 1, 10, 41969, 41, 0, 0, 0, 0, 0, 0, 0, 0], [0, 0, 0, 0, 28, 41807, 34, 0, 0, 0, 0, 0, 0, 0], [0, 0, 0, 0, 2, 24, 41979, 19, 0, 0, 0, 0, 0, 0], [0, 0, 0, 0, 0, 0, 19, 41611, 9, 0, 0, 0, 0, 0], [0, 0, 0, 0, 0, 0, 0, 12, 41146, 7, 0, 0, 0, 0], [0, 0, 0, 0, 0, 0, 0, 0, 8, 39886, 8, 0, 0, 0], [0, 0, 0, 0, 0, 0, 0, 0, 0, 13, 39188, 12, 0, 0], [0, 0, 0, 0, 0, 0, 0, 0, 0, 0, 3, 39736, 9, 0], [0, 0, 0, 0, 0, 0, 0, 0, 0, 0, 0, 8, 39010, 3], [0, 0, 0, 0, 0, 0, 0, 0, 0, 0, 0, 0, 4, 39370]]}, "combined": {"accuracy": 0.9571656003681328, "mcc": 0.9414660878957657, "f1": 0.9571554497084392, "confusion_matrix": [[21297, 25, 0, 0, 0, 0, 0, 0, 0, 0, 0, 0, 0, 0, 1940], [25, 24368, 20, 1, 1, 0, 0, 0, 0, 0, 0, 0, 0, 0, 1620], [0, 22, 39539, 30, 1, 0, 0, 0, 0, 0, 0, 0, 0, 0, 1806], [0, 14, 22, 40298, 34, 0, 0, 0, 0, 0, 0, 0, 0, 0, 1897], [0, 0, 1, 10, 39906, 41, 0, 0, 0, 0, 0, 0, 0, 0, 2063], [0, 0, 0, 0, 27, 40295, 33, 0, 0, 0, 0, 0, 0, 0, 1514], [0, 0, 0, 0, 2, 24, 40459, 18, 0, 0, 0, 0, 0, 0, 1521], [0, 0, 0, 0, 0, 0, 19, 40259, 8, 0, 0, 0, 0, 0, 1353], [0, 0, 0, 0, 0, 0, 0, 12, 39524, 6, 0, 0, 0, 0, 1623], [0, 0, 0, 0, 0, 0, 0, 0, 7, 38371, 8, 0, 0, 0, 1516], [0, 0, 0, 0, 0, 0, 0, 0, 0, 13, 37813, 11, 0, 0, 1376], [0, 0, 0, 0, 0, 0, 0, 0, 0, 0, 3, 38364, 9, 0, 1372], [0, 0, 0, 0, 0, 0, 0, 0, 0, 0, 0, 7, 37549, 3, 1462], [0, 0, 0, 0, 0, 0, 0, 0, 0, 0, 0, 0, 4, 37639, 1731], [1365, 1366, 1594, 1638, 2250, 1813, 1794, 1844, 1842, 1810, 1483, 1396, 1333, 1387, 516021]]}}