{"binary": {"accuracy": 0.9851830676463212, "mcc": 0.9703667278272442, "f1": 0.9851830631224928, "confusion_matrix": [[1053432, 15244], [16425, 1052251]]}, "multiclass": {"accuracy": 0.9995143523387818, "mcc": 0.9994761162510601, "f1": 0.9995143459511456, "confusion_matrix": [[46635, 36, 0, 0, 0, 0, 0, 0, 0, 0, 0, 0, 0, 0], [57, 51785, 26, 4, 0, 0, 0, 0, 0, 0, 0, 0, 0, 0], [0, 15, 80529, 23, 0, 0, 0, 0, 0, 0, 0, 0, 0, 0], [0, 11, 47, 83852, 27, 1, 0, 0, 0, 0, 0, 0, 0, 0], [0, 0, 5, 12, 84516, 19, 0, 0, 0, 0, 0, 0, 0, 0], [0, 0, 0, 0, 26, 82903, 23, 0, 0, 0, 0, 0, 0, 0], [0, 0, 0, 0, 2, 29, 82969, 6, 0, 0, 0, 0, 0, 0], [0, 0, 0, 0, 0, 0, 14, 81945, 8, 0, 0, 0, 0, 0], [0, 0, 0, 0, 0, 0, 0, 20, 79177, 12, 0, 0, 0, 0], [0, 0, 0, 0, 0, 0, 0, 0, 8, 79696, 7, 0, 0, 0], [0, 0, 0, 0, 0, 0, 0, 0, 0, 8, 79131, 9, 0, 0], [0, 0, 0, 0, 0, 0, 0, 0, 0, 0, 14, 79430, 14, 0], [0, 0, 0, 0, 0, 0, 0, 0, 0, 0, 0, 17, 77275, 8], [0, 0, 0, 0, 0, 0, 0, 0, 0, 0, 0, 0, 11, 78314]]}, "combined": {"accuracy": 0.9849430510276267, "mcc": 0.9794164795662302, "f1": 0.9849425481321343, "confusion_matrix": [[45470, 35, 0, 0, 0, 0, 0, 0, 0, 0, 0, 0, 0, 0, 1166], [57, 50891, 25, 4, 0, 0, 0, 0, 0, 0, 0, 0, 0, 0, 895], [0, 15, 79328, 23, 0, 0, 0, 0, 0, 0, 0, 0, 0, 0, 1201], [0, 11, 46, 82650, 26, 1, 0, 0, 0, 0, 0, 0, 0, 0, 1204], [0, 0, 5, 12, 83165, 19, 0, 0, 0, 0, 0, 0, 0, 0, 1351], [0, 0, 0, 0, 26, 81723, 23, 0, 0, 0, 0, 0, 0, 0, 1180], [0, 0, 0, 0, 2, 29, 81718, 6, 0, 0, 0, 0, 0, 0, 1251], [0, 0, 0, 0, 0, 0, 14, 80634, 7, 0, 0, 0, 0, 0, 1312], [0, 0, 0, 0, 0, 0, 0, 19, 77727, 12, 0, 0, 0, 0, 1451], [0, 0, 0, 0, 0, 0, 0, 0, 8, 78515, 7, 0, 0, 0, 1181], [0, 0, 0, 0, 0, 0, 0, 0, 0, 8, 78042, 9, 0, 0, 1089], [0, 0, 0, 0, 0, 0, 0, 0, 0, 0, 14, 78527, 14, 0, 903], [0, 0, 0, 0, 0, 0, 0, 0, 0, 0, 0, 17, 76377, 8, 898], [0, 0, 0, 0, 0, 0, 0, 0, 0, 0, 0, 0, 11, 76971, 1343], [842, 805, 1048, 1224, 1385, 1102, 1116, 1435, 1276, 1206, 1207, 795, 811, 992, 1053432]]}}