{"binary": {"accuracy": 0.9691228552124556, "mcc": 0.9382458213725104, "f1": 0.9691228533868439, "confusion_matrix": [[1044488, 33008], [33532, 1043964]]}, "multiclass": {"accuracy": 0.9990988365618063, "mcc": 0.9990278436655423, "f1": 0.9990988851029037, "confusion_matrix": [[46434, 81, 3, 5, 0, 0, 0, 0, 0, 0, 0, 0, 0, 0], [62, 51957, 52, 3, 2, 0, 0, 0, 0, 0, 1, 0, 0, 0], [6, 77, 81844, 34, 5, 0, 0, 0, 1, 0, 0, 0, 0, 0], [0, 23, 51, 84638, 42, 1, 0, 1, 0, 0, 0, 0, 0, 0], [0, 5, 5, 16, 84264, 34, 0, 0, 0, 0, 0, 0, 0, 0], [0, 0, 0, 0, 101, 83682, 55, 3, 0, 0, 0, 0, 0, 0], [0, 0, 0, 0, 10, 52, 83919, 30, 0, 0, 0, 0, 0, 0], [0, 0, 0, 0, 0, 0, 44, 82765, 24, 0, 0, 1, 0, 0], [0, 0, 0, 0, 0, 0, 0, 11, 82427, 12, 0, 0, 0, 0], [0, 0, 0, 0, 0, 0, 0, 0, 10, 79745, 17, 0, 0, 0], [0, 0, 0, 0, 0, 0, 1, 0, 0, 11, 78460, 15, 0, 0], [2, 0, 0, 0, 0, 0, 0, 0, 0, 0, 15, 79392, 8, 0], [0, 0, 0, 0, 0, 0, 0, 0, 0, 0, 0, 18, 78037, 11], [0, 0, 0, 0, 0, 0, 0, 0, 0, 0, 0, 0, 10, 78961]]}, "combined": {"accuracy": 0.9686848025421904, "mcc": 0.957197938584214, "f1": 0.9686837765326096, "confusion_matrix": [[43950, 79, 3, 5, 0, 0, 0, 0, 0, 0, 0, 0, 0, 0, 2486], [61, 50085, 51, 3, 2, 0, 0, 0, 0, 0, 1, 0, 0, 0, 1874], [6, 77, 79494, 32, 5, 0, 0, 0, 1, 0, 0, 0, 0, 0, 2352], [0, 23, 48, 81941, 40, 1, 0, 1, 0, 0, 0, 0, 0, 0, 2702], [0, 4, 5, 16, 81003, 33, 0, 0, 0, 0, 0, 0, 0, 0, 3263], [0, 0, 0, 0, 100, 81293, 51, 3, 0, 0, 0, 0, 0, 0, 2394], [0, 0, 0, 0, 10, 51, 81332, 30, 0, 0, 0, 0, 0, 0, 2588], [0, 0, 0, 0, 0, 0, 42, 80434, 24, 0, 0, 1, 0, 0, 2333], [0, 0, 0, 0, 0, 0, 0, 11, 80013, 12, 0, 0, 0, 0, 2414], [0, 0, 0, 0, 0, 0, 0, 0, 9, 77285, 17, 0, 0, 0, 2461], [0, 0, 0, 0, 0, 0, 1, 0, 0, 11, 76068, 15, 0, 0, 2392], [2, 0, 0, 0, 0, 0, 0, 0, 0, 0, 14, 77421, 7, 0, 1973], [0, 0, 0, 0, 0, 0, 0, 0, 0, 0, 0, 17, 76044, 11, 1994], [0, 0, 0, 0, 0, 0, 0, 0, 0, 0, 0, 0, 8, 76657, 2306], [1836, 1988, 2303, 2175, 3223, 2781, 2771, 2511, 2774, 2758, 2172, 2029, 1846, 1841, 1044488]]}}