{"binary": {"accuracy": 0.9651668923644697, "mcc": 0.9303338153811214, "f1": 0.9651668917906375, "confusion_matrix": [[518935, 18657], [18795, 518797]]}, "multiclass": {"accuracy": 0.9992615217488355, "mcc": 0.9992033807892032, "f1": 0.9992615115447655, "confusion_matrix": [[23323, 12, 0, 0, 0, 0, 0, 0, 0, 0, 0, 0, 0, 0], [25, 26220, 9, 3, 1, 0, 0, 0, 0, 0, 0, 0, 0, 0], [0, 12, 41268, 25, 0, 0, 0, 0, 0, 0, 0, 0, 0, 0], [0, 11, 39, 41717, 19, 1, 0, 0, 0, 0, 0, 0, 0, 0], [0, 0, 4, 10, 41908, 27, 0, 0, 0, 0, 0, 0, 0, 0], [0, 0, 0, 0, 29, 41831, 19, 0, 0, 0, 0, 0, 0, 0], [0, 0, 0, 0, 0, 22, 41632, 12, 0, 0, 0, 0, 0, 0], [0, 0, 0, 0, 0, 0, 12, 41549, 9, 0, 0, 0, 0, 0], [0, 0, 0, 0, 0, 0, 0, 10, 40760, 9, 0, 0, 0, 0], [0, 0, 0, 0, 0, 0, 0, 0, 11, 39812, 7, 0, 0, 0], [0, 0, 0, 0, 0, 0, 0, 0, 0, 14, 39170, 4, 0, 0], [0, 0, 0, 0, 0, 0, 0, 0, 0, 0, 9, 39642, 14, 0], [0, 0, 0, 0, 0, 0, 0, 0, 0, 0, 0, 10, 39033, 5], [0, 0, 0, 0, 0, 0, 0, 0, 0, 0, 0, 0, 3, 39330]]}, "combined": {"accuracy": 0.9648125344127145, "mcc": 0.9519092454536036, "f1": 0.9648061259495683, "confusion_matrix": [[21713, 11, 0, 0, 0, 0, 0, 0, 0, 0, 0, 0, 0, 0, 1611], [25, 24926, 9, 3, 1, 0, 0, 0, 0, 0, 0, 0, 0, 0, 1294], [0, 12, 39830, 23, 0, 0, 0, 0, 0, 0, 0, 0, 0, 0, 1440], [0, 11, 39, 40175, 18, 1, 0, 0, 0, 0, 0, 0, 0, 0, 1543], [0, 0, 4, 10, 40337, 27, 0, 0, 0, 0, 0, 0, 0, 0, 1571], [0, 0, 0, 0, 28, 40492, 17, 0, 0, 0, 0, 0, 0, 0, 1342], [0, 0, 0, 0, 0, 20, 40374, 11, 0, 0, 0, 0, 0, 0, 1261], [0, 0, 0, 0, 0, 0, 12, 40236, 9, 0, 0, 0, 0, 0, 1313], [0, 0, 0, 0, 0, 0, 0, 10, 39442, 8, 0, 0, 0, 0, 1319], [0, 0, 0, 0, 0, 0, 0, 0, 10, 38401, 7, 0, 0, 0, 1412], [0, 0, 0, 0, 0, 0, 0, 0, 0, 12, 38162, 4, 0, 0, 1010], [0, 0, 0, 0, 0, 0, 0, 0, 0, 0, 8, 38493, 14, 0, 1150], [0, 0, 0, 0, 0, 0, 0, 0, 0, 0, 0, 9, 37769, 5, 1265], [0, 0, 0, 0, 0, 0, 0, 0, 0, 0, 0, 0, 3, 38066, 1264], [1135, 1092, 1225, 1506, 1577, 1500, 1449, 1592, 1573, 1431, 1223, 1114, 1066, 1174, 518935]]}}